{"loss": 0.0009873410454019904, "epoch": 0, "_timestamp": 1721766980.409353, "_runtime": 918.2169361114502, "_step": 5, "_wandb": {"runtime": 1041}}